<?xml version="1.0"?>
<metadata>
	<idinfo>
		<citation>
			<citeinfo>
				<pubdate>2000</pubdate>
				<title>
psstrcg (Structure contours on top of the Rollins Sandstone Member, southern Piceance Basin)
</title>
				<pubinfo>
					<pubplace>Denver, CO USA</pubplace>
					<publish>U.S. Geological Survey</publish>
				</pubinfo>
				<lworkcit>
					<citeinfo>
						<origin>Kirschbaum, M.A.</origin>
						<origin>Roberts, L.N.R.</origin>
						<origin>Biewick, L.R.H.</origin>
						<pubdate>2000</pubdate>
						<title>
Geologic Assessment of Coal in the Colorado
Plateau
</title>
						<serinfo>
							<sername>U.S. Geological Survey Professional Paper</sername>
							<issue>1625-B</issue>
						</serinfo>
						<pubinfo>
							<pubplace>Denver, CO</pubplace>
							<publish>U.S. Geological Survey</publish>
						</pubinfo>
						<onlink>http://greenwood.cr.usgs.gov/energy/coal/PP1625B/</onlink></citeinfo>
				</lworkcit>
				<origin>U.S. Geological Survey, Central Energy Resources Team, Hettinger, R.D., Roberts, L.N.R, Gognat, T.A.</origin><geoform>Downloadable GIS Data</geoform><othercit>chap. O, Investigations of the distribution and resources of coal in the southern part of the Piceance Basin, Colorado</othercit><onlink>http://energy.cr.usgs.gov/coal/coal_assessments/summary.html</onlink></citeinfo>
		</citation>
		<descript>
			<abstract>
This is a shapefile of the structure contours on top of the
Rollins Sandstone Mbr. in the southern Piceance Basin coal
assessment area.
</abstract>
			<purpose>
The Nation's coal resources are being assessed by the USGS.
This assessment identifies and characterizes the coal beds
and coal zones that will provide the bulk of the nation's
coal-derived energy during the next century. This assessment
is different from previous large-scale USGS assessments
because files and databases are being stored in a digital
format and are being analyzed using a Geographic Information
System (GIS).
</purpose>
		</descript>
		<timeperd>
			<timeinfo>
				<rngdates>
					<begdate>19960000</begdate>
					<enddate>19980000</enddate>
				</rngdates>
			</timeinfo>
			<current>Processing Date</current>
		</timeperd>
		<status>
			<progress>Complete</progress>
			<update>None planned</update>
		</status>
		<spdom>
			<bounding>
				<westbc>-109.0486</westbc>
				<eastbc>-106.9207</eastbc>
				<northbc>39.7141</northbc>
				<southbc>38.6985</southbc>
			</bounding>
		</spdom>
		<keywords>
			<theme>
				<themekt>None</themekt>
				<themekey>coal</themekey>
				<themekey>National Coal Resource Assessment (NCRA)</themekey>
				<themekey>Colorado Plateau</themekey>
				<themekey>Structure contours</themekey>
				<themekey>Piceance Basin</themekey>
			</theme>
			<theme>
				<themekt>ArcIMS Metadata Server Theme Codes</themekt>
				<themekey>geoscientificInformation</themekey>
				<themekey>economy</themekey>
				<themekey>environment</themekey>
			</theme>
			<place>
				<placekt>None</placekt>
				<placekey>Colorado</placekey>
				<placekey>Colorado Plateau</placekey>
				<placekey>Piceance Basin</placekey>
			</place>
			<stratum>
				<stratkt>
Geologic Names Unit Lexicon
(GNULEX)
</stratkt>
				<stratkey>Mesaverde Group</stratkey>
				<stratkey>Rollins Sandstone Mbr.</stratkey>
				<stratkey>Trout Creek Sandstone Mbr.</stratkey>
				<stratkey>Iles Formation</stratkey>
				<stratkey>Williams Fork Formation</stratkey>
				<stratkey>Mesaverde Formation</stratkey>
				<stratkey>Mount Garfield Formation</stratkey>
			</stratum>
		</keywords>
		<accconst>None</accconst>
		<useconst>Appropriate maximum scale for data use is 500k.</useconst>
		<ptcontac>
			<cntinfo>
				<cntorgp>
					<cntorg>
U.S. Geological Survey, Central
Energy
</cntorg>
					<cntper>Hettinger, R.D.</cntper>
				</cntorgp>
				<cntaddr>
					<addrtype>mailing and physical address</addrtype>
					<address>PO Box 25046 MS 939 Denver Federal Center</address>
					<city>Denver</city>
					<state>CO</state>
					<postal>80225</postal>
					<country>USA</country>
				</cntaddr>
				<cntvoice>303.236.7770</cntvoice>
				<cntemail>datamgt@usgs.gov</cntemail></cntinfo>
		</ptcontac>
		<browse>
			<browsen>http://certmapper.cr.usgs.gov/data/nca/pp1625b/graphic/psstrcg.jpg</browsen>
			<browsed>Thumbnail view of structure contours on top of the Rollins Sandstone Member, southern Piceance Basin</browsed>
			<browset>JPEG</browset>
		</browse>
		<secinfo>
			<secsys>None</secsys>
			<secclass>Unclassified</secclass>
			<sechandl>None</sechandl>
		</secinfo>
		<native>
SunOS, 5.5.1, sun4d UNIX, ARC/INFO version 7.0.4 and ArcView 3.1
</native>
	</idinfo>
	<dataqual>
		<attracc>
			<attraccr>See Entity_Attribute_Information</attraccr>
		</attracc>
		<logic>Line topology present.</logic>
		<complete>Complete</complete>
		<lineage>
			<procstep>
				<procdesc>
Data on the elevation of the top of the Rollins
Sandstone Mbr.came from several different sources. A
file was generated from the Stratifact database that
contained x, y data for location and the elevation of
the top of the Rollins Sandstone Mbr. The file was
introduced into EarthVision (EV) as a scattered data
file.

Structure contours on top of the Rollins Sandstone from
the published map by Johnson (1983) were digitized in
EV as a scattered data file. The two files were merged
in EV.

Locations with elevations for the top of the Rollins
Sandstone were added to the merged data along the
outcrop to add detail that we wouldn't achieve with
just drill hole data and the digitized contours. The
data were then gridded in EV. The map was plotted in EV
with a contour interval of 500 ft. The contour lines
were saved in a contour output file. The contour output
file was converted to a file in 'arc generate' format
using ISMARC and then converted to an ARC/INFO line
coverage using an Arc Macro Language program from the
Illinois State Geological Survey. The coverage was
converted to a shapefile using ArcView.
</procdesc>
				<procdate>
19980000
</procdate>
			</procstep>
		</lineage>
	</dataqual>
	<spdoinfo>
		<direct>Vector</direct>
		<ptvctinf>
			<sdtsterm>
				<sdtstype>Complete Chain</sdtstype>
				<ptvctcnt>683</ptvctcnt>
			</sdtsterm>
		</ptvctinf>
	</spdoinfo>
	<spref>
		<horizsys>
			<geograph>
				<latres>.0001</latres>
				<longres>.0001</longres>
				<geogunit>Decimal degrees</geogunit>
			</geograph>
			<geodetic>
				<horizdn>North American Datum of 1983</horizdn><ellips>Geodetic Reference System 80</ellips><semiaxis>6378137.000000</semiaxis><denflat>298.257222</denflat></geodetic>
		</horizsys>
	</spref>
	<eainfo>
		<detailed>
			<enttyp>
				<enttypl>psstrcg.dbf</enttypl>
				<enttypd>Shapefile Attribute Table</enttypd>
				<enttypds>None</enttypds>
			</enttyp>
			<attr>
				<attrlabl>Length</attrlabl>
				<attrdef>Length of line</attrdef>
				<attrdefs>Software computed</attrdefs>
				<attrdomv>
					<rdom>
						<rdommin>0.00006</rdommin>
						<rdommax>0.71175</rdommax>
					</rdom>
				</attrdomv>
			</attr>
			<attr>
				<attrlabl>Depth</attrlabl>
				<attrdef>
Elevation of top of Rollins Sandstone in feet above
mean sea level.
</attrdef>
				<attrdefs>User Defined</attrdefs>
				<attrdomv>
					<rdom>
						<rdommin>-9999.00</rdommin>
						<rdommax>
11000.00
</rdommax>
					</rdom>
				</attrdomv>
			</attr>
		</detailed>
	</eainfo>
	<distinfo>
		<distrib>
			<cntinfo>
				<cntorgp>
					<cntorg>
U.S. Geological Survey, Central
Energy
</cntorg>
				</cntorgp>
				<cntaddr>
					<addrtype>mailing and physical address</addrtype>
					<address>PO Box 25046 MS 939 Denver Federal Center</address>
					<city>Denver</city>
					<state>CO</state>
					<postal>80225</postal>
					<country>USA</country>
				</cntaddr>
				<cntvoice>303.236.7773</cntvoice>
			</cntinfo>
		</distrib>
		<distliab>
Any use of trade, product, or company names in this publication
is for descriptive purposes only and does not imply endorsement
by the U.S. Government. Although these data have been processed
successfully on a computer system at the U.S. Geological Survey,
no warranty expressed or implied is made by the USGS regarding
the utility of the data on any other system, nor shall the act of
distribution constitute any such warranty. This data is not a
legal document and is not intended to be used as such.
</distliab>
		<stdorder>
			<digform>
				<digtinfo>
					<formname>Shapefile</formname>
					<formcont>Structure contours on top of the Rollins Sandstone Member, southern Piceance Basin</formcont>
					<filedec>unzip</filedec>
					<transize Sync="TRUE">0.000</transize><dssize Sync="TRUE">0.000</dssize></digtinfo>
				<digtopt>
					<onlinopt>
						<computer>
							<networka>
								<networkr>http://certmapper.cr.usgs.gov/data/nca/pp1625b/spatial/shape/psstrcg.zip</networkr>
							</networka>
						</computer>
						<accinstr>The URL above links to a zipped file containing structure contours on top of the Rollins Sandstone Member, southern Piceance Basin.</accinstr>
					</onlinopt>
				</digtopt>
			</digform>
			<digform>
				<digtinfo>
					<formname>Image Map Service (CoalAssess2000)</formname>
					<formvern>9x</formvern>
					<formspec>ArcIMS Image Map Service</formspec>
					<formcont>A web-based interactive mapping system that accesses an ArcIMS Map Service running on certmapper.cr.usgs.gov.</formcont>
					<transize Sync="TRUE">0.000</transize><dssize Sync="TRUE">0.000</dssize></digtinfo>
				<digtopt>
					<onlinopt>
						<computer>
							<networka>
								<networkr>http://energy.cr.usgs.gov/coal/coal_assessments/startmap.html</networkr>
							</networka>
						</computer>
						<accinstr>This URL links to a web-based interactive mapping system that accesses an ArcIMS Image Map Service.  The mapservice can also be accessed using any custom client that adheres to the protocol specified through ArcXML.</accinstr>
					</onlinopt>
				</digtopt>
			</digform>
			<fees>none</fees>
		</stdorder>
		<resdesc>Downloadable Data</resdesc></distinfo>
	<metainfo>
		<metd>19990203</metd>
		<metc>
			<cntinfo>
				<cntorgp>
					<cntorg>
U.S. Geological Survey, Central
Energy
</cntorg>
				</cntorgp>
				<cntaddr>
					<addrtype>mailing and physical address</addrtype>
					<address>PO Box 25046 MS 939 Denver Federal Center</address>
					<city>Denver</city>
					<state>CO</state>
					<postal>80225</postal>
					<country>USA</country>
				</cntaddr>
				<cntvoice>303.236.7773</cntvoice>
			</cntinfo>
		</metc>
		<metstdn>
FGDC Content Standards for Digital Geospatial
Metadata
</metstdn>
		<metstdv>FGDC-STD-001-1998</metstdv>
		<metac>None</metac>
		<metsi>
			<metscs>
None

------------------------------------------------------------------------
Generated by mp version 2.4.8 on Fri Sep 24 15:02:59 1999
</metscs>
			<metsc>Unclassified</metsc>
			<metshd>None</metshd>
		</metsi>
		<metrd>20070716</metrd></metainfo>
	<Esri><MetaID>{70276711-E0D7-44A9-93B4-0DE112F22521}</MetaID><CreaDate>20070725</CreaDate><CreaTime>09571600</CreaTime><SyncOnce>TRUE</SyncOnce><PublishedDocID>{C33E18E7-71B4-4474-A207-633BD75DEAFD}</PublishedDocID><PublishStatus>Published</PublishStatus></Esri></metadata>
