<?xml version="1.0"?>
<metadata>
	<idinfo>
		<citation>
			<citeinfo>
				<origin>United States Geological Survey (USGS)</origin>
				<pubdate>2002</pubdate>
				<title>National Assessment of Oil and Gas Project - Uinta-Piceance Province (020) Depth to the top of the Dakota Sandstone</title>
				<pubinfo>
					<pubplace>Denver, Colorado</pubplace>
					<publish>U. S. Geological Survey, Central Energy Resources Team</publish>
				</pubinfo>
				<onlink>http://certmapper.cr.usgs.gov/noga/broker.jsp?theProvince=20&amp;thePage=gis&amp;theServlet=NogaNewGISResultsServ</onlink>
				<lworkcit>
					<citeinfo>
						<origin>Kirschbaum, M. A.</origin>
						<pubdate>2002</pubdate>
						<title>Petroleum Systems and Geologic Assessment of Oil and Gas in the Uinta-Piceance Province, Utah and Colorado</title>
						<serinfo>
							<sername>USGS Digital Data Series</sername>
							<issue>DDS-69-B</issue>
						</serinfo>
						<pubinfo>
							<pubplace>Denver, Colorado</pubplace>
							<publish>U.S. Geological Survey, Central Energy Resources Team</publish>
						</pubinfo>
						<onlink>http://pubs.usgs.gov/dds/dds-069/dds-069-b/</onlink></citeinfo>
				</lworkcit>
				<geoform>Downloadable GIS Data</geoform></citeinfo>
		</citation>
		<descript>
			<abstract>This dataset shows depth ranges to the top of the Dakota Sandstone within the Uinta-Piceance Province, northwestern Colorado and northeastern Utah.</abstract>
			<purpose>The map of depth ranges to the top of the Dakota Sandstone, coupled with drill-hole data of current hydrocarbon production, provides important information on the range of depths to producing intervals within the Dakota Sandstone in the Uinta-Piceance Province.</purpose>
			<supplinf>
The following is a description of the Online Linkage URLs:

http://certmapper.cr.usgs.gov/noga/broker.jsp?theProvince=20&amp;thePage=gis&amp;theServlet=NogaNewGISResultsServ  -  GIS Data Download Page for Province 20

http://pubs.usgs.gov/dds/dds-069/dds-069-b/  -  Petroleum Systems and Geologic Assessment of Oil and Gas in the Uinta-Piceance Province, Utah and Colorado, USGS DDS-69-B

http://energy.cr.usgs.gov/oilgas/noga/  -  NOGA Online Homepage</supplinf>
		</descript>
		<timeperd>
			<timeinfo>
				<sngdate>
					<caldate>2002</caldate>
				</sngdate>
			</timeinfo>
			<current>publication date</current>
		</timeperd>
		<status>
			<progress>Complete</progress>
			<update>As needed</update>
		</status>
		<spdom>
			<bounding>
				<westbc>-112.00</westbc>
				<eastbc>-105.75</eastbc>
				<northbc>41.00</northbc>
				<southbc>38.00</southbc>
			</bounding>
		</spdom>
		<keywords>
			<theme>
				<themekt>none</themekt>
				<themekey>National Assessment of Oil and Gas</themekey>
				<themekey>USGS World Energy Region 5</themekey>
				<themekey>Energy Resources</themekey>
				<themekey>Oil</themekey>
				<themekey>Natural Gas</themekey>
				<themekey>Resource Assessment</themekey>
				<themekey>Earth Science</themekey>
				<themekey>Natural Resources</themekey>
				<themekey>U.S. Geological Survey</themekey>
				<themekey>USGS</themekey>
				<themekey>Geology</themekey>
				<themekey>Depth Maps</themekey>
				<themekey>Dakota Sandstone</themekey>
				<themekey>Kirschbaum, M.A.</themekey>
			</theme>
			<theme>
				<themekt>ArcIMS Metadata Server Theme Codes</themekt>
				<themekey>geoscientificInformation</themekey>
			</theme>
			<theme>
				<themekt>Gateway to the Earth draft 9 28-Jun-2002</themekt>
				<themekey>Oil shale resources</themekey>
				<themekey>Oil sand resources</themekey>
				<themekey>Coalbed methane resources</themekey>
				<themekey>Gas hydrate resources</themekey>
				<themekey>Natural gas resources</themekey>
				<themekey>Economic geology</themekey>
			</theme>
			<place>
				<placekt>none</placekt>
				<placekey>United States</placekey>
				<placekey>USGS World Energy Region 5</placekey>
				<placekey>Uinta-Piceance</placekey>
				<placekey>Colorado Plateau</placekey>
				<placekey>Colorado Plateau and Basin and Range</placekey>
				<placekey>CO</placekey>
				<placekey>UT</placekey>
			</place>
			<place>
				<placekt>Augmented FIPS 10-4 and FIPS 6-4, version 1.0</placekt>
				<placekey>US08 = Colorado</placekey>
				<placekey>US49 = Utah</placekey>
			</place>
			<place>
				<placekt>USGS Oil and Gas Provinces (NOGA-95)</placekt>
				<placekey>Uinta-Piceance</placekey>
			</place>
			<place>
				<placekt>USGS Oil and Gas Total Petroleum Systems (NOGA-2000)</placekt>
				<placekey>502001 = Ferron Coal/Wasatch Plateau</placekey>
				<placekey>502002 = Mesaverde</placekey>
				<placekey>502003 = Mancos/Mowry</placekey>
				<placekey>502004 = Phosphoria</placekey>
				<placekey>502005 = Green River</placekey>
			</place>
			<place>
				<placekt>USGS Oil and Gas Assessment Units (NOGA-2000)</placekt>
				<placekey>50200101 = Conventional Ferron Sandstone Gas</placekey>
				<placekey>50200161 = Deep (6,000 feet plus) Coal and Sandstone Gas</placekey>
				<placekey>50200181 = Northern Coal Fairway/Drunkards Wash</placekey>
				<placekey>50200182 = Central Coal Fairway/Buzzards Bench</placekey>
				<placekey>50200183 = Southern Coal Fairway</placekey>
				<placekey>50200184 = Joes Valley and Messina Grabens</placekey>
				<placekey>50200185 = Southern Coal Outcrop</placekey>
				<placekey>50200201 = Uinta-Piceance Basin Conventional Gas</placekey>
				<placekey>50200261 = Uinta Basin Continuous Gas</placekey>
				<placekey>50200262 = Uinta Basin Transitional Gas</placekey>
				<placekey>50200263 = Piceance Basin Continuous Gas</placekey>
				<placekey>50200264 = Piceance Basin Transitional Gas</placekey>
				<placekey>50200281 = Uinta Basin Blackhawk Coalbed Gas</placekey>
				<placekey>50200282 = Mesaverde Group Coalbed Gas</placekey>
				<placekey>50200361 = Piceance Basin Continuous Gas</placekey>
				<placekey>50200362 = Uinta Basin Continuous Gas</placekey>
				<placekey>50200363 = Uinta-Piceance Transitional and Migrated Gas</placekey>
				<placekey>50200401 = Hanging Wall</placekey>
				<placekey>50200402 = Paleozoic/Mesozoic</placekey>
				<placekey>50200501 = Uinta Green River Conventional Oil and Gas</placekey>
				<placekey>50200502 = Piceance Green River Conventional Oil</placekey>
				<placekey>50200561 = Deep Uinta Overpressured Continuous Oil</placekey>
			</place>
		</keywords>
		<accconst>none</accconst>
		<useconst>none</useconst>
		<ptcontac>
			<cntinfo>
				<cntperp>
					<cntper>Christopher J. Schenk</cntper>
					<cntorg>U.S. Geological Survey, Central Energy Resources Team</cntorg>
				</cntperp>
				<cntpos>Geologist</cntpos>
				<cntaddr>
					<addrtype>mailing and physical address</addrtype>
					<address>U.S. Geological Survey, Box 25046, MS 939, Denver Federal Center</address>
					<city>Denver</city>
					<state>Colorado</state>
					<postal>80225</postal>
					<country>USA</country>
				</cntaddr>
				<cntvoice>(303) 236-5796</cntvoice>
				<cntemail>schenk@usgs.gov</cntemail>
			</cntinfo>
		</ptcontac>
		<browse>
			<browsen>http://certmapper.cr.usgs.gov/data/noga00/prov20/graphic/pr2003dptg.jpg</browsen>
			<browset>JPEG</browset>
		</browse>
	</idinfo>
	<dataqual>
		<lineage>
			<srcinfo>
				<srccite>
					<citeinfo>
						<origin>Kirschbaum, M.A.</origin>
						<pubdate>2002</pubdate>
						<title>
Petroleum Systems and Geologic Assessment of Oil and Gas in the Uinta-Piceance Province, Utah and Colorado 
</title>
						<serinfo>
							<sername>U.S. Geological Survey Digital Data Series</sername>
							<issue>DDS-69-B</issue>
						</serinfo>
						<pubinfo>
							<pubplace>Denver, Colorado</pubplace>
							<publish>U.S. Geological Survey</publish>
						</pubinfo>
						<othercit>na</othercit>
					</citeinfo>
				</srccite>
				<srcscale>2000000</srcscale>
				<typesrc>CD-ROM</typesrc>
				<srctime>
					<timeinfo>
						<sngdate>
							<caldate>2002</caldate>
						</sngdate>
					</timeinfo>
					<srccurr>publication date</srccurr>
				</srctime>
				<srccitea>USGS Uinta-Piceance Assessment Team (2002)</srccitea>
				<srccontr>Province 20 assessment, digital map data, source attributes</srccontr>
			</srcinfo>
			<srcinfo>
				<srccite>
					<citeinfo>
						<origin>IHS Energy Group</origin>
						<pubdate>2000</pubdate>
						<title>PI/Dwights PLUS Well Data on CD-ROM</title>
						<pubinfo>
							<pubplace>Denver, Colorado</pubplace>
							<publish>IHS Energy Group</publish>
						</pubinfo>
					</citeinfo>
				</srccite>
				<typesrc>Digital</typesrc>
				<srctime>
					<timeinfo>
						<sngdate>
							<caldate>2000</caldate>
						</sngdate>
					</timeinfo>
					<srccurr>2000</srccurr>
				</srctime>
				<srccitea>PI/Dwights PLUS Well Data on CD-ROM</srccitea>
				<srccontr>Lat./Long. Points, Final Well Class</srccontr>
			</srcinfo>
			<procstep>
				<procdesc>The depth map to the top of the Dakota Sandstone is a direct result of subtracting two, 2-dimensional surface grids - the topographic surface of the Uinta-Piceance Province area, in the format of a Digital Elevation Model (DEM), minus the surface of the top of the Dakota Sandstone.  Both of these surface grids were generated using Dynamic Graphics' EarthVision modeling software (v. 5).  The DEM was imported into EarthVision (EV) as a 2-dimensional grid.  Because the number of columns and rows of the original DEM was too large, the 'refgrd' function in EV's formula processor was used to reduce the number of columns and rows from 6000 to 1200.  The original DEM has elevations in meters, so the EV formula processor was used to convert the elevations from meters to feet by multiplying the grid by the constant value 3.281.  The DEM grid was projected from decimal degrees to Lambert Conformal Conic projection.
 
The data used for the structure contour map on top of the Dakota Sandstone includes data from oil and gas wells, data from digital geologic maps of Utah and Colorado, and thickness data of overlying stratigraphic units where data for the Dakota are sparse.  For a detailed description on how this grid was derived see Chapter 16, Structure contour map of the top of the Dakota Sandstone, Uinta-Piceance Province (L. Roberts) in this publication (Larger Work Citation listed above -- USGS DDS-69-B).

The grid for the structure on top of the Dakota Sandstone was subtracted from the grid of the surface, which resulted in a grid for the depth to the top of the Dakota. The map was plotted in EV with a contour interval of 1000 ft.  The contour lines were saved in a contour output file, which was converted to a Arc Generate format file using ISMARC; the Arc Generate file was then converted to an ARC/INFO polygon coverage, using an Arc Macro Language program from the Illinois State Geological Survey. The polygon coverage of the Mancos/Mowry Total Petroleum System boundary was used to clip the contours.  Only the depth contours of 3,000, 6,000, 10,000, and 15,000 were retained.  The polygon attributes for depth range to the top of the Dakota Sandstone include: 0 - 3,000 ft, 3,000 - 6,000 ft, 6,000 - 10,000 ft, 10,000 - 15,000 ft, and greater than 15,000 ft.</procdesc>
				<procdate>1999</procdate></procstep></lineage>
		<logic>The depth map to the top of the Dakota Sandstone is a direct result of subtracting two, 2-dimensional surface grids - the topographic surface of the Uinta-Piceance Province area, in the format of a Digital Elevation Model (DEM), minus the surface of the top of the Dakota Sandstone. Both of these surface grids were generated using Dynamic Graphics' EarthVision modeling software (v. 5).</logic><complete>The data used for the structure contour map on top of the Dakota Sandstone includes data from oil and gas wells, data from digital geologic maps of Utah and Colorado, and thickness data of overlying stratigraphic units where data for the Dakota are sparse.  The grid for the structure on top of the Dakota Sandstone was subtracted from the grid of the surface, which resulted in a grid for the depth to the top of the Dakota.</complete></dataqual>
	<spdoinfo>
		<direct>Vector</direct>
		<ptvctinf>
			<sdtsterm>
				<sdtstype>Complete chain</sdtstype>
			</sdtsterm>
			<sdtsterm>
				<sdtstype>Entity point</sdtstype>
			</sdtsterm>
			<sdtsterm>
				<sdtstype>GT-polygon composed of chains</sdtstype>
			</sdtsterm>
			<sdtsterm>
				<sdtstype>Point</sdtstype>
			</sdtsterm>
		</ptvctinf>
	</spdoinfo>
	<spref>
		<horizsys>
			<geograph>
				<latres>0.000001</latres>
				<longres>0.000001</longres>
				<geogunit>Decimal degrees</geogunit>
			</geograph>
			<geodetic>
				<horizdn>North American Datum of 1983</horizdn>
				<ellips>Geodetic Reference System 80</ellips>
				<semiaxis>6378137.0</semiaxis>
				<denflat>298.257222</denflat>
			</geodetic>
		</horizsys>
	</spref>
	<eainfo>
		<detailed>
			<enttyp>
				<enttypl>pr"tpsnum"dptg.pat or pr"tpsnum"dptg.dbf</enttypl>
				<enttypd>Polygon Attribute Table.  For the depth contours for each Total Petroleum System, "tpsnum" is replaced with the TPS number in either a file, pr"tpsnum"dptg.pat, or a table, pr"tpsnum"dptg.dbf.  To keep the size of filenames less than or equal to 10 characters, "tpsnum" does not include the first 2 characters of the region/province number.</enttypd>
				<enttypds>U.S. Geological Survey</enttypds>
			</enttyp>
			<attr>
				<attrlabl>DEPTH</attrlabl>
				<attrdef>Depth to the top of the Dakota Sandstone</attrdef>
				<attrdefs>USGS DDS-69-B</attrdefs>
				<attrdomv>
					<udom>stored as a character field</udom>
				</attrdomv>
			</attr>
		</detailed>
	</eainfo>
	<distinfo>
		<distrib>
			<cntinfo>
				<cntorgp>
					<cntorg>USGS Information Services</cntorg>
				</cntorgp>
				<cntaddr>
					<addrtype>mailing address</addrtype>
					<address>Box 25286 Denver Federal Center</address>
					<city>Denver</city>
					<state>Colorado</state>
					<postal>80225</postal>
					<country>USA</country>
				</cntaddr>
				<cntvoice>1-888-ASK-USGS</cntvoice>
				<cntfax>303-202-4693</cntfax>
				<cntemail>ask@usgs.gov</cntemail></cntinfo>
		</distrib>
		<stdorder>
			<digform>
				<digtinfo>
					<formname>Shapefile</formname>
					<formcont>Depth contour geographic features and attribute data</formcont>
					<filedec>unzip</filedec>
				</digtinfo>
				<digtopt>
					<onlinopt>
						<computer>
							<networka>
								<networkr>http://certmapper.cr.usgs.gov/data/noga00/prov20/spatial/shape/pr2003dptg.zip</networkr>
							</networka>
						</computer>
					</onlinopt>
				</digtopt>
			</digform>
			<digform>
				<digtinfo>
					<formname>Image Map Service (prov20_2000)</formname>
					<formvern>4.0</formvern>
					<formspec>ArcIMS Image Map Service</formspec>
					<formcont>A web-based interactive mapping system that accesses an ArcIMS Map Service running on certmapper.cr.usgs.gov</formcont></digtinfo>
				<digtopt>
					<onlinopt>
						<computer>
							<networka>
								<networkr>http://certmapper.cr.usgs.gov/noga/servlet/NogaMapViewerBroker?province=20&amp;Vintage=2000</networkr>
							</networka>
						</computer>
						<accinstr>This URL links to a web-based interactive mapping system that accesses an ArcIMS Image Map Service.  The mapservice can also be accessed using any custom client that adheres to the protocol specified through ArcXML.</accinstr>
					</onlinopt>
				</digtopt>
			</digform>
			<fees>None</fees>
			<ordering>These products can be downloaded individually using any one of the Network_Resource_Name URLs above. Each of these URLs provide access to various formats of these data.</ordering>
		</stdorder>
		<distliab>Although these data have been processed successfully on a computer system at the U.S. Geological Survey, no warranty expressed or implied is made regarding the display or utility of the data on any other system, or for general or scientific purposes, nor shall the act of distribution constitute any such warranty.  The U.S. Geological survey shall not be held liable for improper or incorrect use of the data described and/or contained herein. Any use of trade, product, or firm names is for descriptive purposes only and does not imply endorsement by the U.S. Government.  Although this information product, for the most part, is in the public domain, it may also contain copyrighted materials as noted in the text. Permission to reproduce copyrighted items for other than personal use must be secured from the copyright owner.</distliab><resdesc>Downloadable Data</resdesc></distinfo>
	<metainfo>
		<metd>20020722</metd>
		<metrd>20080530</metrd>
		<metc>
			<cntinfo>
				<cntorgp>
					<cntorg>U.S. Geological Survey, Central Energy Resources Team, Data Management Project</cntorg>
					<cntper>Laura R.H. Biewick</cntper>
				</cntorgp>
				<cntpos>GIS Coordinator</cntpos>
				<cntaddr>
					<addrtype>mailing and physical address</addrtype>
					<address>U.S. Geological Survey, Box 25046, MS 939, Denver Federal Center</address>
					<city>Denver</city>
					<state>Colorado</state>
					<postal>80225</postal>
					<country>USA</country>
				</cntaddr>
				<cntemail>datamgt@usgs.gov</cntemail>
				<cntinst>For inquiries regarding this document, please include the metadata contact person's name, dataset name, and publication series and number.</cntinst></cntinfo>
		</metc>
		<metstdn>FGDC Content Standards for Digital Geospatial Metadata</metstdn>
		<metstdv>FGDC-STD-001-1998</metstdv>
	</metainfo></metadata>
